law, int-ext
Circular bank of Italy 285/15 and updates, external law
Circular bank of Italy 288/15 and updates, internal law
Credit procedure, internal law
law 30/2016 (Guarantee systems deposits), external law
Law 97/2016 (Transparency of banking and financial transactions and services and updates), external law
Anti-money laundering manual, internal law
Law 231/07 (Administrative responsibility of companies and bodies), external law
Law 262/05 (Law on protection of saving and corporate governance) , external law
Law 196/2003 (Privacy), external law
Group Policy for Strategic Planning, intenarnal law
Group policy for the management of disputes, internal law
Policy for the management of insurance policies, internal law
