rischio,ICAAP
Rischio di credito,credito
Rischio di default,credito
Rischio di migrazione,credito
Rischio di diluizione,credito
Rischio di transazione,credito
Rischio di controparte,credito
Rischio di concentrazione,credito
Rischio paese,credito
Rischio di trasferimento,credito
Rischio residuo,credito
Rischio di regolamento e consegna,credito
Rischio derivante da operazioni di cartolarizzazione,credito
Rischio di mercato,mercato
Rischio di aggiustamento della valutazione del credito,mercato
Rischio operativo,operativo
Rischio informatico,operativo
Rischio legale,operativo
Rischio di conformità,operativo
Rischio di riciclaggio e finanziamento al terrorismo,operativo
Rischio di reputazione,operativo
Rischio di modello,operativo
Rischio di tasso d’interesse,tasso d'interesse
Rischio di liquidità,liquidità
Rischio Funding Liquidity Risk,liquidità
Rischio Market Liquidity Risk,liquidità
Rischio Mismatch Liquidity Risk,liquidità
Rischi connessi alla quota di attività vincolate,attività vincolate
Rischio sovrano,sovrano
Rischio strategico,strategico
Rischio da partecipazioni,partecipazioni
Rischio di leva finanziaria eccessiva,leva finanziaria
